collection,pmcid,pmc_live_date,pubyear,journal,publisher,license_url,license_text
TF,PMC7114073,2020/04/02,2016,Avian Pathol,Taylor & Francis,NA,"This article is made available via the PMC Open Access Subset for unrestricted re-use and analyses in any form or by any means with acknowledgement of the original source. These permissions are granted for the duration of the COVID-19 pandemic or until permissions are revoked in writing. Upon expiration of these permissions, PMC is granted a perpetual license to make this article available via PMC and Europe PMC, consistent with existing copyright protections."
TF,PMC7113908,2020/04/02,2019,N Z Vet J,Taylor & Francis,NA,"This article is made available via the PMC Open Access Subset for unrestricted re-use and analyses in any form or by any means with acknowledgement of the original source. These permissions are granted for the duration of the COVID-19 pandemic or until permissions are revoked in writing. Upon expiration of these permissions, PMC is granted a perpetual license to make this article available via PMC and Europe PMC, consistent with existing copyright protections."
TF,PMC7113903,2020/04/02,2015,Vet Q,Taylor & Francis,NA,"This article is made available via the PMC Open Access Subset for unrestricted re-use and analyses in any form or by any means with acknowledgement of the original source. These permissions are granted for the duration of the COVID-19 pandemic or until permissions are revoked in writing. Upon expiration of these permissions, PMC is granted a perpetual license to make this article available via PMC and Europe PMC, consistent with existing copyright protections."
TF,PMC7105756,2020/03/31,2005,Expert Opin Biol Ther,Taylor & Francis,NA,"This article is made available via the PMC Open Access Subset for unrestricted re-use and analyses in any form or by any means with acknowledgement of the original source. These permissions are granted for the duration of the COVID-19 pandemic or until permissions are revoked in writing. Upon expiration of these permissions, PMC is granted a perpetual license to make this article available via PMC and Europe PMC, consistent with existing copyright protections."
TF,PMC7105754,2020/03/31,2014,Expert Rev Vaccines,Taylor & Francis,NA,"This article is made available via the PMC Open Access Subset for unrestricted re-use and analyses in any form or by any means with acknowledgement of the original source. These permissions are granted for the duration of the COVID-19 pandemic or until permissions are revoked in writing. Upon expiration of these permissions, PMC is granted a perpetual license to make this article available via PMC and Europe PMC, consistent with existing copyright protections."
TF,PMC7105752,2020/03/31,2014,Expert Rev Vaccines,Taylor & Francis,NA,"This article is made available via the PMC Open Access Subset for unrestricted re-use and analyses in any form or by any means with acknowledgement of the original source. These permissions are granted for the duration of the COVID-19 pandemic or until permissions are revoked in writing. Upon expiration of these permissions, PMC is granted a perpetual license to make this article available via PMC and Europe PMC, consistent with existing copyright protections."
TF,PMC7105750,2020/03/31,2014,Expert Rev Mol Diagn,Taylor & Francis,NA,"This article is made available via the PMC Open Access Subset for unrestricted re-use and analyses in any form or by any means with acknowledgement of the original source. These permissions are granted for the duration of the COVID-19 pandemic or until permissions are revoked in writing. Upon expiration of these permissions, PMC is granted a perpetual license to make this article available via PMC and Europe PMC, consistent with existing copyright protections."
TF,PMC7105749,2020/03/31,2014,Expert Rev Anti Infect Ther,Taylor & Francis,NA,"This article is made available via the PMC Open Access Subset for unrestricted re-use and analyses in any form or by any means with acknowledgement of the original source. These permissions are granted for the duration of the COVID-19 pandemic or until permissions are revoked in writing. Upon expiration of these permissions, PMC is granted a perpetual license to make this article available via PMC and Europe PMC, consistent with existing copyright protections."
TF,PMC7103735,2020/03/31,2020,Emerg Microbes Infect,Taylor & Francis,http://creativecommons.org/licenses/by/4.0/,"This is an Open Access article distributed under the terms of the Creative Commons Attribution License ( http://creativecommons.org/licenses/by/4.0/ uri http://creativecommons.org/licenses/by/4.0/ ), which permits unrestricted use, distribution, and reproduction in any medium, provided the original work is properly cited."
TF,PMC7103734,2020/03/31,2018,Expert Rev Vaccines,Taylor & Francis,NA,"This article is made available via the PMC Open Access Subset for unrestricted re-use and analyses in any form or by any means with acknowledgement of the original source. These permissions are granted for the duration of the COVID-19 pandemic or until permissions are revoked in writing. Upon expiration of these permissions, PMC is granted a perpetual license to make this article available via PMC and Europe PMC, consistent with existing copyright protections."
TF,PMC7103727,2020/03/31,2020,Expert Rev Vaccines,Taylor & Francis,NA,"This article is made available via the PMC Open Access Subset for unrestricted re-use and analyses in any form or by any means with acknowledgement of the original source. These permissions are granted for the duration of the COVID-19 pandemic or until permissions are revoked in writing. Upon expiration of these permissions, PMC is granted a perpetual license to make this article available via PMC and Europe PMC, consistent with existing copyright protections."
TF,PMC7103726,2020/03/31,2012,Expert Opin Ther Pat,Taylor & Francis,NA,"This article is made available via the PMC Open Access Subset for unrestricted re-use and analyses in any form or by any means with acknowledgement of the original source. These permissions are granted for the duration of the COVID-19 pandemic or until permissions are revoked in writing. Upon expiration of these permissions, PMC is granted a perpetual license to make this article available via PMC and Europe PMC, consistent with existing copyright protections."
TF,PMC7103723,2020/03/31,2014,Expert Rev Anti Infect Ther,Taylor & Francis,NA,"This article is made available via the PMC Open Access Subset for unrestricted re-use and analyses in any form or by any means with acknowledgement of the original source. These permissions are granted for the duration of the COVID-19 pandemic or until permissions are revoked in writing. Upon expiration of these permissions, PMC is granted a perpetual license to make this article available via PMC and Europe PMC, consistent with existing copyright protections."
TF,PMC7103717,2020/03/31,2014,Expert Rev Vaccines,Informa Healthcare,NA,"This article is made available via the PMC Open Access Subset for unrestricted re-use and analyses in any form or by any means with acknowledgement of the original source. These permissions are granted for the duration of the COVID-19 pandemic or until permissions are revoked in writing. Upon expiration of these permissions, PMC is granted a perpetual license to make this article available via PMC and Europe PMC, consistent with existing copyright protections."
TF,PMC7103713,2020/03/31,2017,Expert Rev Anti Infect Ther,Taylor & Francis,NA,"This article is made available via the PMC Open Access Subset for unrestricted re-use and analyses in any form or by any means with acknowledgement of the original source. These permissions are granted for the duration of the COVID-19 pandemic or until permissions are revoked in writing. Upon expiration of these permissions, PMC is granted a perpetual license to make this article available via PMC and Europe PMC, consistent with existing copyright protections."
TF,PMC7103710,2020/03/31,2015,Expert Opin Ther Pat,Informa Healthcare,NA,"This article is made available via the PMC Open Access Subset for unrestricted re-use and analyses in any form or by any means with acknowledgement of the original source. These permissions are granted for the duration of the COVID-19 pandemic or until permissions are revoked in writing. Upon expiration of these permissions, PMC is granted a perpetual license to make this article available via PMC and Europe PMC, consistent with existing copyright protections."
TF,PMC7103708,2020/03/31,2014,Expert Rev Mol Diagn,Taylor & Francis,NA,"This article is made available via the PMC Open Access Subset for unrestricted re-use and analyses in any form or by any means with acknowledgement of the original source. These permissions are granted for the duration of the COVID-19 pandemic or until permissions are revoked in writing. Upon expiration of these permissions, PMC is granted a perpetual license to make this article available via PMC and Europe PMC, consistent with existing copyright protections."
TF,PMC7103707,2020/03/31,2017,Expert Rev Clin Immunol,Taylor & Francis,NA,"This article is made available via the PMC Open Access Subset for unrestricted re-use and analyses in any form or by any means with acknowledgement of the original source. These permissions are granted for the duration of the COVID-19 pandemic or until permissions are revoked in writing. Upon expiration of these permissions, PMC is granted a perpetual license to make this article available via PMC and Europe PMC, consistent with existing copyright protections."
TF,PMC7103703,2020/03/31,2014,Expert Rev Anti Infect Ther,Taylor & Francis,NA,"This article is made available via the PMC Open Access Subset for unrestricted re-use and analyses in any form or by any means with acknowledgement of the original source. These permissions are granted for the duration of the COVID-19 pandemic or until permissions are revoked in writing. Upon expiration of these permissions, PMC is granted a perpetual license to make this article available via PMC and Europe PMC, consistent with existing copyright protections."
TF,PMC7103702,2020/03/31,2017,Expert Opin Pharmacother,Taylor & Francis,NA,"This article is made available via the PMC Open Access Subset for unrestricted re-use and analyses in any form or by any means with acknowledgement of the original source. These permissions are granted for the duration of the COVID-19 pandemic or until permissions are revoked in writing. Upon expiration of these permissions, PMC is granted a perpetual license to make this article available via PMC and Europe PMC, consistent with existing copyright protections."
TF,PMC7103699,2020/03/31,2019,Expert Rev Vaccines,Taylor & Francis,NA,"This article is made available via the PMC Open Access Subset for unrestricted re-use and analyses in any form or by any means with acknowledgement of the original source. These permissions are granted for the duration of the COVID-19 pandemic or until permissions are revoked in writing. Upon expiration of these permissions, PMC is granted a perpetual license to make this article available via PMC and Europe PMC, consistent with existing copyright protections."
TF,PMC7103696,2020/03/31,2020,Emerg Microbes Infect,Taylor & Francis,http://creativecommons.org/licenses/by/4.0/,"This is an Open Access article distributed under the terms of the Creative Commons Attribution License ( http://creativecommons.org/licenses/by/4.0/ uri http://creativecommons.org/licenses/by/4.0/ ), which permits unrestricted use, distribution, and reproduction in any medium, provided the original work is properly cited."
TF,PMC7103695,2020/03/31,2017,Expert Rev Anti Infect Ther,Taylor & Francis,NA,"This article is made available via the PMC Open Access Subset for unrestricted re-use and analyses in any form or by any means with acknowledgement of the original source. These permissions are granted for the duration of the COVID-19 pandemic or until permissions are revoked in writing. Upon expiration of these permissions, PMC is granted a perpetual license to make this article available via PMC and Europe PMC, consistent with existing copyright protections."
TF,PMC7103692,2020/03/31,2007,Expert Opin Pharmacother,Taylor & Francis,NA,"This article is made available via the PMC Open Access Subset for unrestricted re-use and analyses in any form or by any means with acknowledgement of the original source. These permissions are granted for the duration of the COVID-19 pandemic or until permissions are revoked in writing. Upon expiration of these permissions, PMC is granted a perpetual license to make this article available via PMC and Europe PMC, consistent with existing copyright protections."
TF,PMC7103687,2020/03/31,2016,Expert Rev Mol Diagn,Taylor & Francis,NA,"This article is made available via the PMC Open Access Subset for unrestricted
re-use and analyses in any form or by any means with acknowledgement of the original
source. These permissions are granted for the duration of the COVID-19 pandemic or until
permissions are revoked in writing. Upon expiration of these permissions, PMC is granted
a perpetual license to make this article available via PMC and Europe PMC, consistent
with existing copyright protections."
TF,PMC7103686,2020/03/31,2015,Postgrad Med,Informa Healthcare,NA,"This article is made available via the PMC Open Access Subset for unrestricted re-use and analyses in any form or by any means with acknowledgement of the original source. These permissions are granted for the duration of the COVID-19 pandemic or until permissions are revoked in writing. Upon expiration of these permissions, PMC is granted a perpetual license to make this article available via PMC and Europe PMC, consistent with existing copyright protections."
TF,PMC7103685,2020/03/31,2014,Expert Rev Mol Diagn,Taylor & Francis,NA,"This article is made available via the PMC Open Access Subset for unrestricted re-use and analyses in any form or by any means with acknowledgement of the original source. These permissions are granted for the duration of the COVID-19 pandemic or until permissions are revoked in writing. Upon expiration of these permissions, PMC is granted a perpetual license to make this article available via PMC and Europe PMC, consistent with existing copyright protections."
TF,PMC7103682,2020/03/31,2016,Expert Rev Mol Diagn,Taylor & Francis,NA,"This article is made available via the PMC Open Access Subset for unrestricted re-use and analyses in any form or by any means with acknowledgement of the original source. These permissions are granted for the duration of the COVID-19 pandemic or until permissions are revoked in writing. Upon expiration of these permissions, PMC is granted a perpetual license to make this article available via PMC and Europe PMC, consistent with existing copyright protections."
TF,PMC7103681,2020/03/31,2014,Expert Rev Vaccines,Taylor & Francis,NA,"This article is made available via the PMC Open Access Subset for unrestricted re-use and analyses in any form or by any means with acknowledgement of the original source. These permissions are granted for the duration of the COVID-19 pandemic or until permissions are revoked in writing. Upon expiration of these permissions, PMC is granted a perpetual license to make this article available via PMC and Europe PMC, consistent with existing copyright protections."
TF,PMC7103671,2020/03/31,2020,Hum Vaccin Immunother,Taylor & Francis,NA,"This article is made available via the PMC Open Access Subset for unrestricted re-use and analyses in any form or by any means with acknowledgement of the original source. These permissions are granted for the duration of the COVID-19 pandemic or until permissions are revoked in writing. Upon expiration of these permissions, PMC is granted a perpetual license to make this article available via PMC and Europe PMC, consistent with existing copyright protections."
TF,PMC7114077,2020/04/02,2014,Avian Pathol,Taylor & Francis,NA,"This article is made available via the PMC Open Access Subset for unrestricted re-use and analyses in any form or by any means with acknowledgement of the original source. These permissions are granted for the duration of the COVID-19 pandemic or until permissions are revoked in writing. Upon expiration of these permissions, PMC is granted a perpetual license to make this article available via PMC and Europe PMC, consistent with existing copyright protections."
TF,PMC7113911,2020/04/02,2009,Mol Membr Biol,Taylor & Francis,NA,"This article is made available via the PMC Open Access Subset for unrestricted re-use and analyses in any form or by any means with acknowledgement of the original source. These permissions are granted for the duration of the COVID-19 pandemic or until permissions are revoked in writing. Upon expiration of these permissions, PMC is granted a perpetual license to make this article available via PMC and Europe PMC, consistent with existing copyright protections."
TF,PMC7113910,2020/04/02,2020,Crit Rev Microbiol,Taylor & Francis,NA,"This article is made available via the PMC Open Access Subset for unrestricted re-use and analyses in any form or by any means with acknowledgement of the original source. These permissions are granted for the duration of the COVID-19 pandemic or until permissions are revoked in writing. Upon expiration of these permissions, PMC is granted a perpetual license to make this article available via PMC and Europe PMC, consistent with existing copyright protections."
TF,PMC7113909,2020/04/02,2016,Avian Pathol,Taylor & Francis,NA,"This article is made available via the PMC Open Access Subset for unrestricted re-use and analyses in any form or by any means with acknowledgement of the original source. These permissions are granted for the duration of the COVID-19 pandemic or until permissions are revoked in writing. Upon expiration of these permissions, PMC is granted a perpetual license to make this article available via PMC and Europe PMC, consistent with existing copyright protections."
TF,PMC7113906,2020/04/02,2013,Crit Rev Microbiol,Informa Healthcare,NA,"This article is made available via the PMC Open Access Subset for unrestricted re-use and analyses in any form or by any means with acknowledgement of the original source. These permissions are granted for the duration of the COVID-19 pandemic or until permissions are revoked in writing. Upon expiration of these permissions, PMC is granted a perpetual license to make this article available via PMC and Europe PMC, consistent with existing copyright protections."
TF,PMC7113905,2020/04/02,2013,Crit Rev Microbiol,Informa Healthcare,NA,"This article is made available via the PMC Open Access Subset for unrestricted re-use and analyses in any form or by any means with acknowledgement of the original source. These permissions are granted for the duration of the COVID-19 pandemic or until permissions are revoked in writing. Upon expiration of these permissions, PMC is granted a perpetual license to make this article available via PMC and Europe PMC, consistent with existing copyright protections."
TF,PMC7113898,2020/04/02,2014,Crit Rev Environ Sci Technol,Taylor & Francis,NA,"This article is made available via the PMC Open Access Subset for unrestricted re-use and analyses in any form or by any means with acknowledgement of the original source. These permissions are granted for the duration of the COVID-19 pandemic or until permissions are revoked in writing. Upon expiration of these permissions, PMC is granted a perpetual license to make this article available via PMC and Europe PMC, consistent with existing copyright protections."
TF,PMC7113897,2020/04/02,2015,Avian Pathol,Taylor & Francis,NA,"This article is made available via the PMC Open Access Subset for unrestricted re-use and analyses in any form or by any means with acknowledgement of the original source. These permissions are granted for the duration of the COVID-19 pandemic or until permissions are revoked in writing. Upon expiration of these permissions, PMC is granted a perpetual license to make this article available via PMC and Europe PMC, consistent with existing copyright protections."
TF,PMC7099638,2020/03/31,2020,Pathog Glob Health,Taylor & Francis,NA,"This article is made available via the PMC Open Access Subset for unrestricted re-use and analyses in any form or by any means with acknowledgement of the original source. These permissions are granted for the duration of the COVID-19 pandemic or until permissions are revoked in writing. Upon expiration of these permissions, PMC is granted a perpetual license to make this article available via PMC and Europe PMC, consistent with existing copyright protections."
TF,PMC7105755,2020/03/31,2014,Expert Rev Proteomics,Taylor & Francis,NA,"This article is made available via the PMC Open Access Subset for unrestricted re-use and analyses in any form or by any means with acknowledgement of the original source. These permissions are granted for the duration of the COVID-19 pandemic or until permissions are revoked in writing. Upon expiration of these permissions, PMC is granted a perpetual license to make this article available via PMC and Europe PMC, consistent with existing copyright protections."
TF,PMC7105753,2020/03/31,2014,Expert Rev Proteomics,Taylor & Francis,NA,"This article is made available via the PMC Open Access Subset for unrestricted re-use and analyses in any form or by any means with acknowledgement of the original source. These permissions are granted for the duration of the COVID-19 pandemic or until permissions are revoked in writing. Upon expiration of these permissions, PMC is granted a perpetual license to make this article available via PMC and Europe PMC, consistent with existing copyright protections."
TF,PMC7105751,2020/03/31,2014,Expert Rev Mol Diagn,Taylor & Francis,NA,"This article is made available via the PMC Open Access Subset for unrestricted re-use and analyses in any form or by any means with acknowledgement of the original source. These permissions are granted for the duration of the COVID-19 pandemic or until permissions are revoked in writing. Upon expiration of these permissions, PMC is granted a perpetual license to make this article available via PMC and Europe PMC, consistent with existing copyright protections."
TF,PMC7105748,2020/03/31,2014,Expert Rev Anti Infect Ther,Taylor & Francis,NA,"This article is made available via the PMC Open Access Subset for unrestricted re-use and analyses in any form or by any means with acknowledgement of the original source. These permissions are granted for the duration of the COVID-19 pandemic or until permissions are revoked in writing. Upon expiration of these permissions, PMC is granted a perpetual license to make this article available via PMC and Europe PMC, consistent with existing copyright protections."
TF,PMC7103731,2020/03/31,2016,Expert Rev Anti Infect Ther,Taylor & Francis,NA,"This article is made available via the PMC Open Access Subset for unrestricted re-use and analyses in any form or by any means with acknowledgement of the original source. These permissions are granted for the duration of the COVID-19 pandemic or until permissions are revoked in writing. Upon expiration of these permissions, PMC is granted a perpetual license to make this article available via PMC and Europe PMC, consistent with existing copyright protections."
TF,PMC7103730,2020/03/31,2020,Emerg Microbes Infect,Taylor & Francis,http://creativecommons.org/licenses/by/4.0/,"This is an Open Access article distributed under the terms of the Creative Commons Attribution License ( http://creativecommons.org/licenses/by/4.0/ uri http://creativecommons.org/licenses/by/4.0/ ), which permits unrestricted use, distribution, and reproduction in any medium, provided the original work is properly cited."
TF,PMC7103729,2020/03/31,2014,Expert Rev Proteomics,Taylor & Francis,NA,"This article is made available via the PMC Open Access Subset for unrestricted re-use and analyses in any form or by any means with acknowledgement of the original source. These permissions are granted for the duration of the COVID-19 pandemic or until permissions are revoked in writing. Upon expiration of these permissions, PMC is granted a perpetual license to make this article available via PMC and Europe PMC, consistent with existing copyright protections."
TF,PMC7103724,2020/03/31,2020,Emerg Microbes Infect,Taylor & Francis,http://creativecommons.org/licenses/by/4.0/,"This is an Open Access article distributed under the terms of the Creative Commons Attribution License ( http://creativecommons.org/licenses/by/4.0/ uri http://creativecommons.org/licenses/by/4.0/ ), which permits unrestricted use, distribution, and reproduction in any medium, provided the original work is properly cited."
TF,PMC7103722,2020/03/31,2013,Expert Opin Ther Targets,Taylor & Francis,NA,"This article is made available via the PMC Open Access Subset for unrestricted re-use and analyses in any form or by any means with acknowledgement of the original source. These permissions are granted for the duration of the COVID-19 pandemic or until permissions are revoked in writing. Upon expiration of these permissions, PMC is granted a perpetual license to make this article available via PMC and Europe PMC, consistent with existing copyright protections."
TF,PMC7103721,2020/03/31,2019,Expert Rev Anti Infect Ther,Taylor & Francis,NA,"This article is made available via the PMC Open Access Subset for unrestricted re-use and analyses in any form or by any means with acknowledgement of the original source. These permissions are granted for the duration of the COVID-19 pandemic or until permissions are revoked in writing. Upon expiration of these permissions, PMC is granted a perpetual license to make this article available via PMC and Europe PMC, consistent with existing copyright protections."
TF,PMC7103718,2020/03/31,2016,Expert Rev Respir Med,Taylor & Francis,NA,"This article is made available via the PMC Open Access Subset for unrestricted re-use and analyses in any form or by any means with acknowledgement of the original source. These permissions are granted for the duration of the COVID-19 pandemic or until permissions are revoked in writing. Upon expiration of these permissions, PMC is granted a perpetual license to make this article available via PMC and Europe PMC, consistent with existing copyright protections."
TF,PMC7103715,2020/03/31,2015,Expert Rev Mol Diagn,Informa Healthcare,NA,"This article is made available via the PMC Open Access Subset for unrestricted
re-use and analyses in any form or by any means with acknowledgement of the original
source. These permissions are granted for the duration of the COVID-19 pandemic or until
permissions are revoked in writing. Upon expiration of these permissions, PMC is granted
a perpetual license to make this article available via PMC and Europe PMC, consistent
with existing copyright protections."
TF,PMC7103712,2020/03/31,2020,Emerg Microbes Infect,Taylor & Francis,http://creativecommons.org/licenses/by/4.0/,"This is an Open Access article distributed under the terms of the Creative Commons Attribution License ( http://creativecommons.org/licenses/by/4.0/ uri http://creativecommons.org/licenses/by/4.0/ ), which permits unrestricted use, distribution, and reproduction in any medium, provided the original work is properly cited."
TF,PMC7103711,2020/03/31,2014,Expert Rev Anti Infect Ther,Taylor & Francis,NA,"This article is made available via the PMC Open Access Subset for unrestricted re-use and analyses in any form or by any means with acknowledgement of the original source. These permissions are granted for the duration of the COVID-19 pandemic or until permissions are revoked in writing. Upon expiration of these permissions, PMC is granted a perpetual license to make this article available via PMC and Europe PMC, consistent with existing copyright protections."
TF,PMC7103706,2020/03/31,2017,Expert Rev Anti Infect Ther,Taylor & Francis,NA,"This article is made available via the PMC Open Access Subset for unrestricted re-use and analyses in any form or by any means with acknowledgement of the original source. These permissions are granted for the duration of the COVID-19 pandemic or until permissions are revoked in writing. Upon expiration of these permissions, PMC is granted a perpetual license to make this article available via PMC and Europe PMC, consistent with existing copyright protections."
TF,PMC7103705,2020/03/31,2015,Hosp Pract (1995),Informa Healthcare,NA,"This article is made available via the PMC Open Access Subset for unrestricted re-use and analyses in any form or by any means with acknowledgement of the original source. These permissions are granted for the duration of the COVID-19 pandemic or until permissions are revoked in writing. Upon expiration of these permissions, PMC is granted a perpetual license to make this article available via PMC and Europe PMC, consistent with existing copyright protections."
TF,PMC7103700,2020/03/31,2017,Expert Rev Mol Diagn,Taylor & Francis,NA,"This article is made available via the PMC Open Access Subset for unrestricted re-use and analyses in any form or by any means with acknowledgement of the original source. These permissions are granted for the duration of the COVID-19 pandemic or until permissions are revoked in writing. Upon expiration of these permissions, PMC is granted a perpetual license to make this article available via PMC and Europe PMC, consistent with existing copyright protections."
TF,PMC7103698,2020/03/31,2019,Expert Rev Anti Infect Ther,Taylor & Francis,NA,"This article is made available via the PMC Open Access Subset for unrestricted re-use and analyses in any form or by any means with acknowledgement of the original source. These permissions are granted for the duration of the COVID-19 pandemic or until permissions are revoked in writing. Upon expiration of these permissions, PMC is granted a perpetual license to make this article available via PMC and Europe PMC, consistent with existing copyright protections."
TF,PMC7103694,2020/03/31,2018,Expert Rev Mol Diagn,Taylor & Francis,NA,"This article is made available via the PMC Open Access Subset for unrestricted re-use and analyses in any form or by any means with acknowledgement of the original source. These permissions are granted for the duration of the COVID-19 pandemic or until permissions are revoked in writing. Upon expiration of these permissions, PMC is granted a perpetual license to make this article available via PMC and Europe PMC, consistent with existing copyright protections."
TF,PMC7103691,2020/03/31,2015,Expert Rev Mol Diagn,Taylor & Francis,NA,"This article is made available via the PMC Open Access Subset for unrestricted re-use and analyses in any form or by any means with acknowledgement of the original source. These permissions are granted for the duration of the COVID-19 pandemic or until permissions are revoked in writing. Upon expiration of these permissions, PMC is granted a perpetual license to make this article available via PMC and Europe PMC, consistent with existing copyright protections."
TF,PMC7103690,2020/03/31,2006,Expert Opin Ther Pat,Taylor & Francis,NA,"This article is made available via the PMC Open Access Subset for unrestricted re-use and analyses in any form or by any means with acknowledgement of the original source. These permissions are granted for the duration of the COVID-19 pandemic or until permissions are revoked in writing. Upon expiration of these permissions, PMC is granted a perpetual license to make this article available via PMC and Europe PMC, consistent with existing copyright protections."
TF,PMC7103689,2020/03/31,2006,Expert Opin Investig Drugs,Taylor & Francis,NA,"This article is made available via the PMC Open Access Subset for unrestricted re-use and analyses in any form or by any means with acknowledgement of the original source. These permissions are granted for the duration of the COVID-19 pandemic or until permissions are revoked in writing. Upon expiration of these permissions, PMC is granted a perpetual license to make this article available via PMC and Europe PMC, consistent with existing copyright protections."
TF,PMC7103684,2020/03/31,2014,Expert Rev Mol Diagn,Taylor & Francis,NA,"This article is made available via the PMC Open Access Subset for unrestricted re-use and analyses in any form or by any means with acknowledgement of the original source. These permissions are granted for the duration of the COVID-19 pandemic or until permissions are revoked in writing. Upon expiration of these permissions, PMC is granted a perpetual license to make this article available via PMC and Europe PMC, consistent with existing copyright protections."
TF,PMC7103683,2020/03/31,2019,Expert Rev Vaccines,Taylor & Francis,NA,"This article is made available via the PMC Open Access Subset for unrestricted re-use and analyses in any form or by any means with acknowledgement of the original source. These permissions are granted for the duration of the COVID-19 pandemic or until permissions are revoked in writing. Upon expiration of these permissions, PMC is granted a perpetual license to make this article available via PMC and Europe PMC, consistent with existing copyright protections."
TF,PMC7103679,2020/03/31,2016,Expert Rev Respir Med,Taylor & Francis,NA,"This article is made available via the PMC Open Access Subset for unrestricted re-use and analyses in any form or by any means with acknowledgement of the original source. These permissions are granted for the duration of the COVID-19 pandemic or until permissions are revoked in writing. Upon expiration of these permissions, PMC is granted a perpetual license to make this article available via PMC and Europe PMC, consistent with existing copyright protections."
TF,PMC7103678,2020/03/31,2020,Ocul Immunol Inflamm,Taylor & Francis,NA,"This article is made available via the PMC Open Access Subset for unrestricted re-use and analyses in any form or by any means with acknowledgement of the original source. These permissions are granted for the duration of the COVID-19 pandemic or until permissions are revoked in writing. Upon expiration of these permissions, PMC is granted a perpetual license to make this article available via PMC and Europe PMC, consistent with existing copyright protections."
TF,PMC7103677,2020/03/31,2014,Expert Rev Vaccines,Taylor & Francis,NA,"This article is made available via the PMC Open Access Subset for unrestricted re-use and analyses in any form or by any means with acknowledgement of the original source. These permissions are granted for the duration of the COVID-19 pandemic or until permissions are revoked in writing. Upon expiration of these permissions, PMC is granted a perpetual license to make this article available via PMC and Europe PMC, consistent with existing copyright protections."
TF,PMC7103675,2020/03/31,2019,Expert Opin Drug Discov,Taylor & Francis,NA,"This article is made available via the PMC Open Access Subset for unrestricted re-use and analyses in any form or by any means with acknowledgement of the original source. These permissions are granted for the duration of the COVID-19 pandemic or until permissions are revoked in writing. Upon expiration of these permissions, PMC is granted a perpetual license to make this article available via PMC and Europe PMC, consistent with existing copyright protections."
TF,PMC7103669,2020/03/31,2005,Expert Opin Biol Ther,Taylor & Francis,NA,"This article is made available via the PMC Open Access Subset for unrestricted re-use and analyses in any form or by any means with acknowledgement of the original source. These permissions are granted for the duration of the COVID-19 pandemic or until permissions are revoked in writing. Upon expiration of these permissions, PMC is granted a perpetual license to make this article available via PMC and Europe PMC, consistent with existing copyright protections."
TF,PMC7067163,2020/03/19,2020,Emerg Microbes Infect,Taylor & Francis,http://creativecommons.org/licenses/by/4.0/,"This is an Open Access article distributed under the terms of the Creative Commons Attribution License ( http://creativecommons.org/licenses/by/4.0/ uri http://creativecommons.org/licenses/by/4.0/ ), which permits unrestricted use, distribution, and reproduction in any medium, provided the original work is properly cited."
TF,PMC7048180,2020/03/10,2020,Emerg Microbes Infect,Taylor & Francis,http://creativecommons.org/licenses/by/4.0/,"This is an Open Access article distributed under the terms of the Creative Commons Attribution License ( http://creativecommons.org/licenses/by/4.0/ uri http://creativecommons.org/licenses/by/4.0/ ), which permits unrestricted use, distribution, and reproduction in any medium, provided the original work is properly cited."
TF,PMC7054940,2020/03/12,2020,Vet Q,Taylor & Francis,http://creativecommons.org/licenses/by/4.0/,"This is an Open Access article distributed under the terms of the Creative Commons Attribution License ( http://creativecommons.org/licenses/by/4.0/ uri http://creativecommons.org/licenses/by/4.0/ ), which permits unrestricted use, distribution, and reproduction in any medium, provided the original work is properly cited."
TF,PMC7033720,2020/03/03,2020,Emerg Microbes Infect,Taylor & Francis,http://creativecommons.org/licenses/by/4.0/,"This is an Open Access article distributed under the terms of the Creative Commons Attribution License ( http://creativecommons.org/licenses/by/4.0/ uri http://creativecommons.org/licenses/by/4.0/ ), which permits unrestricted use, distribution, and reproduction in any medium, provided the original work is properly cited."
TF,PMC7067204,2020/03/19,2020,Emerg Microbes Infect,Taylor & Francis,http://creativecommons.org/licenses/by/4.0/,"This is an Open Access article distributed under the terms of the Creative Commons Attribution License ( http://creativecommons.org/licenses/by/4.0/ uri http://creativecommons.org/licenses/by/4.0/ ), which permits unrestricted use, distribution, and reproduction in any medium, provided the original work is properly cited."
TF,PMC6973335,2020/01/31,2019,MAbs,Taylor & Francis,http://creativecommons.org/licenses/by-nc/4.0/,"This is an Open Access article distributed under the terms of the Creative Commons Attribution-NonCommercial License ( http://creativecommons.org/licenses/by-nc/4.0/ uri http://creativecommons.org/licenses/by-nc/4.0/ ), which permits unrestricted non-commercial use, distribution, and reproduction in any medium, provided the original work is properly cited."
TF,PMC6816421,2019/11/05,2019,Hum Vaccin Immunother,Taylor & Francis,http://creativecommons.org/licenses/by-nc-nd/4.0/,"This is an Open Access article distributed under the terms of the Creative Commons Attribution-NonCommercial-NoDerivatives License ( http://creativecommons.org/licenses/by-nc-nd/4.0/ uri http://creativecommons.org/licenses/by-nc-nd/4.0/ ), which permits non-commercial re-use, distribution, and reproduction in any medium, provided the original work is properly cited, and is not altered, transformed, or built upon in any way."
TF,PMC6678067,2020/03/31,2019,Expert Rev Clin Immunol,Taylor & Francis,NA,"This article is made available via the PMC Open Access Subset for unrestricted re-use and analyses in any form or by any means with acknowledgement of the original source. These permissions are granted for the duration of the COVID-19 pandemic or until permissions are revoked in writing. Upon expiration of these permissions, PMC is granted a perpetual license to make this article available via PMC and Europe PMC, consistent with existing copyright protections."
TF,PMC6816404,2019/11/05,2019,Hum Vaccin Immunother,Taylor & Francis,http://creativecommons.org/licenses/by-nc-nd/4.0/,"This is an Open Access article distributed under the terms of the Creative Commons Attribution-NonCommercial-NoDerivatives License ( http://creativecommons.org/licenses/by-nc-nd/4.0/ uri http://creativecommons.org/licenses/by-nc-nd/4.0/ ), which permits non-commercial re-use, distribution, and reproduction in any medium, provided the original work is properly cited, and is not altered, transformed, or built upon in any way."
TF,PMC6830995,2019/11/19,2019,Vet Q,Taylor & Francis,http://creativecommons.org/licenses/by/4.0/,"This is an Open Access article distributed under the terms of the Creative Commons Attribution License ( http://creativecommons.org/licenses/by/4.0/ uri http://creativecommons.org/licenses/by/4.0/ ), which permits unrestricted use, distribution, and reproduction in any medium, provided the original work is properly cited."
TF,PMC6455120,2019/04/18,2019,Emerg Microbes Infect,Taylor & Francis,http://creativecommons.org/licenses/by/4.0/,"This is an Open Access article distributed under the terms of the Creative Commons Attribution License ( http://creativecommons.org/licenses/by/4.0/ uri http://creativecommons.org/licenses/by/4.0/ ), which permits unrestricted use, distribution, and reproduction in any medium, provided the original work is properly cited."
TF,PMC6363154,2019/02/15,2018,Hum Vaccin Immunother,Taylor & Francis,http://creativecommons.org/licenses/by-nc-nd/4.0/,"This is an Open Access article distributed under the terms of the Creative Commons Attribution-NonCommercial-NoDerivatives License ( http://creativecommons.org/licenses/by-nc-nd/4.0/ uri http://creativecommons.org/licenses/by-nc-nd/4.0/ ), which permits non-commercial re-use, distribution, and reproduction in any medium, provided the original work is properly cited, and is not altered, transformed, or built upon in any way."
TF,PMC6135831,2018/09/14,2018,Emerg Microbes Infect,Taylor & Francis,https://creativecommons.org/licenses/by/4.0/,"Open Access  This article is licensed under a Creative Commons
Attribution 4.0 International License, which permits use, sharing, adaptation,
distribution and reproduction in any medium or format, as long as you give appropriate
credit to the original author(s) and the source, provide a link to the Creative Commons
license, and indicate if changes were made. The images or other third party material in
this article are included in the articleâ€™s Creative Commons license, unless indicated
otherwise in a credit line to the material. If material is not included in the articleâ€™s
Creative Commons license and your intended use is not permitted by statutory regulation
or exceeds the permitted use, you will need to obtain permission directly from the
copyright holder. To view a copy of this license, visit  https://creativecommons.org/licenses/by/4.0/ uri https://creativecommons.org/licenses/by/4.0/ ."
TF,PMC5718785,2017/12/11,2017,Hum Vaccin Immunother,Taylor & Francis,http://creativecommons.org/licenses/by-nc-nd/4.0/,"This is an Open Access article distributed under the terms of the Creative Commons Attribution-NonCommercial-NoDerivatives License ( http://creativecommons.org/licenses/by-nc-nd/4.0/ uri http://creativecommons.org/licenses/by-nc-nd/4.0/ ), which permits non-commercial re-use, distribution, and reproduction in any medium, provided the original work is properly cited, and is not altered, transformed, or built upon in any way."
TF,PMC5520315,2017/08/21,2017,Emerg Microbes Infect,Taylor & Francis,https://creativecommons.org/licenses/by/4.0/,"Open Access This work is licensed under a Creative Commons
Attribution 4.0 International License. The images or other third party material in this
article are included in the articleâ€™s Creative Commons license, unless indicated
otherwise in the credit line; if the material is not included under the Creative Commons
license, users will need to obtain permission from the license holder to reproduce the
material. To view a copy of this license, visit  https://creativecommons.org/licenses/by/4.0/ uri https://creativecommons.org/licenses/by/4.0/"
TF,PMC5520482,2017/08/21,2017,Emerg Microbes Infect,Taylor & Francis,https://creativecommons.org/licenses/by/4.0/,"Open Access This work is licensed under a Creative Commons
Attribution 4.0 International License. The images or other third party material in this
article are included in the articleâ€™s Creative Commons license, unless indicated
otherwise in the credit line; if the material is not included under the Creative Commons
license, users will need to obtain permission from the license holder to reproduce the
material. To view a copy of this license, visit https://creativecommons.org/licenses/by/4.0/ uri https://creativecommons.org/licenses/by/4.0/"
TF,PMC5718831,2018/04/04,2017,Hum Vaccin Immunother,Taylor & Francis,NA,"This article is made available via the PMC Open Access Subset for unrestricted re-use and analyses in any form or by any means with acknowledgement of the original source. These permissions are granted for the duration of the COVID-19 pandemic or until permissions are revoked in writing. Upon expiration of these permissions, PMC is granted a perpetual license to make this article available via PMC and Europe PMC, consistent with existing copyright protections."
TF,PMC5489286,2018/02/14,2017,Hum Vaccin Immunother,Taylor & Francis,NA,"This article is made available via the PMC Open Access Subset for unrestricted re-use and analyses in any form or by any means with acknowledgement of the original source. These permissions are granted for the duration of the COVID-19 pandemic or until permissions are revoked in writing. Upon expiration of these permissions, PMC is granted a perpetual license to make this article available via PMC and Europe PMC, consistent with existing copyright protections."
TF,PMC5148018,2016/12/23,2019,Emerg Microbes Infect,Taylor & Francis,https://creativecommons.org/licenses/by/4.0/,"Open Access This work is licensed under a Creative Commons
Attribution 4.0 International License. The images or other third party material in this
article are included in the articleâ€™s Creative Commons license, unless indicated
otherwise in the credit line; if the material is not included under the Creative Commons
license, users will need to obtain permission from the license holder to reproduce the
material. To view a copy of this license, visit  https://creativecommons.org/licenses/by/4.0/ uri https://creativecommons.org/licenses/by/4.0/"
TF,PMC5287306,2017/09/20,2017,Hum Vaccin Immunother,Taylor & Francis,NA,"This article is made available via the PMC Open Access Subset for unrestricted re-use and analyses in any form or by any means with acknowledgement of the original source. These permissions are granted for the duration of the COVID-19 pandemic or until permissions are revoked in writing. Upon expiration of these permissions, PMC is granted a perpetual license to make this article available via PMC and Europe PMC, consistent with existing copyright protections."
TF,PMC5287300,2017/09/20,2016,Hum Vaccin Immunother,Taylor & Francis,NA,"This article is made available via the PMC Open Access Subset for unrestricted re-use and analyses in any form or by any means with acknowledgement of the original source. These permissions are granted for the duration of the COVID-19 pandemic or until permissions are revoked in writing. Upon expiration of these permissions, PMC is granted a perpetual license to make this article available via PMC and Europe PMC, consistent with existing copyright protections."
TF,PMC5034104,2016/10/04,2019,Emerg Microbes Infect,Taylor & Francis,https://creativecommons.org/licenses/by/4.0/,"Open Access This work is licensed under a Creative Commons
Attribution 4.0 International License. The images or other third party material in this
article are included in the articleâ€™s Creative Commons license, unless indicated
otherwise in the credit line; if the material is not included under the Creative Commons
license, users will need to obtain permission from the license holder to reproduce the
material. To view a copy of this license, visit  https://creativecommons.org/licenses/by/4.0/ uri https://creativecommons.org/licenses/by/4.0/"
TF,PMC5034097,2016/10/04,2016,Emerg Microbes Infect,Taylor & Francis,https://creativecommons.org/licenses/by/4.0/,"Open Access This work is licensed under a Creative Commons
Attribution 4.0 International License. The images or other third party material in this
article are included in the articleâ€™s Creative Commons license, unless indicated
otherwise in the credit line; if the material is not included under the Creative Commons
license, users will need to obtain permission from the license holder to reproduce the
material. To view a copy of this license, visit  https://creativecommons.org/licenses/by/4.0/ uri https://creativecommons.org/licenses/by/4.0/"
TF,PMC5027702,2017/06/07,2016,Hum Vaccin Immunother,Taylor & Francis,NA,"This article is made available via the PMC Open Access Subset for unrestricted re-use and analyses in any form or by any means with acknowledgement of the original source. These permissions are granted for the duration of the COVID-19 pandemic or until permissions are revoked in writing. Upon expiration of these permissions, PMC is granted a perpetual license to make this article available via PMC and Europe PMC, consistent with existing copyright protections."
TF,PMC4855074,2016/05/17,2016,Emerg Microbes Infect,Taylor & Francis,https://creativecommons.org/licenses/by/4.0/,"Open Access This work is licensed under a Creative Commons
Attribution 4.0 International License. The images or other third party material in this
article are included in the articleâ€™s Creative Commons license, unless indicated
otherwise in the credit line; if the material is not included under the Creative Commons
license, users will need to obtain permission from the license holder to reproduce the
material. To view a copy of this license, visit  https://creativecommons.org/licenses/by/4.0/ uri https://creativecommons.org/licenses/by/4.0/"
TF,PMC5097835,2017/09/01,2016,Expert Rev Vaccines,Taylor & Francis,NA,"This article is made available via the PMC Open Access Subset for unrestricted re-use and analyses in any form or by any means with acknowledgement of the original source. These permissions are granted for the duration of the COVID-19 pandemic or until permissions are revoked in writing. Upon expiration of these permissions, PMC is granted a perpetual license to make this article available via PMC and Europe PMC, consistent with existing copyright protections."
TF,PMC4919574,2016/06/24,2016,Expert Rev Proteomics,Taylor & Francis,NA,"This article is made available via the PMC Open Access Subset for unrestricted
re-use and analyses in any form or by any means with acknowledgement of the original
source. These permissions are granted for the duration of the COVID-19 pandemic or until
permissions are revoked in writing. Upon expiration of these permissions, PMC is granted
a perpetual license to make this article available via PMC and Europe PMC, consistent
with existing copyright protections."
TF,PMC4963060,2016/08/17,2016,Hum Vaccin Immunother,Taylor & Francis,http://creativecommons.org/licenses/by-nc/3.0/,"This is an Open Access article distributed under the terms of the Creative Commons Attribution-Non-Commercial License  http://creativecommons.org/licenses/by-nc/3.0/ uri http://creativecommons.org/licenses/by-nc/3.0/ , which permits unrestricted non-commercial use, distribution, and reproduction in any medium, provided the original work is properly cited. The moral rights of the named author(s) have been asserted."
TF,PMC4809235,2016/12/01,2016,Pathog Glob Health,Taylor & Francis,NA,"This article is made available via the PMC Open Access Subset for unrestricted re-use and analyses in any form or by any means with acknowledgement of the original source. These permissions are granted for the duration of the COVID-19 pandemic or until permissions are revoked in writing. Upon expiration of these permissions, PMC is granted a perpetual license to make this article available via PMC and Europe PMC, consistent with existing copyright protections."
TF,PMC4636333,2016/11/01,2015,Expert Opin Biol Ther,Informa Healthcare,NA,"This article is made available via the PMC Open Access Subset for unrestricted re-use and analyses in any form or by any means with acknowledgement of the original source. These permissions are granted for the duration of the COVID-19 pandemic or until permissions are revoked in writing. Upon expiration of these permissions, PMC is granted a perpetual license to make this article available via PMC and Europe PMC, consistent with existing copyright protections."
TF,PMC5022137,2016/09/29,2015,Crit Rev Microbiol,Taylor & Francis,http://creativecommons.org/Licenses/by-nc-nd/4.0/,"This is an Open Access article distributed under the terms of the Creative Commons Attribution-NonCommercial-NoDerivatives License ( http://creativecommons.org/Licenses/by-nc-nd/4.0/ uri http://creativecommons.org/Licenses/by-nc-nd/4.0/ ), which permits non-commercial re-use, distribution, and reproduction in any medium, provided the original work is properly cited, and is not altered, transformed, or built upon in any way."
TF,PMC4481042,2015/07/28,2015,Infect Ecol Epidemiol,Taylor & Francis,http://creativecommons.org/licenses/by-nc/4.0/,"This is an Open Access article distributed under the terms of the Creative Commons Attribution-Noncommercial 4.0 International License ( http://creativecommons.org/licenses/by-nc/4.0/ uri http://creativecommons.org/licenses/by-nc/4.0/ ), permitting all non-commercial use, distribution, and reproduction in any medium, provided the original work is properly cited."
TF,PMC4575394,2015/09/29,2019,Emerg Microbes Infect,Taylor & Francis,http://creativecommons.org/licenses/by-nc-sa/3.0/,"This work is licensed under a Creative Commons Attribution-NonCommercial-ShareAlike 3.0 Unported License. The images or other third party material in this article are included in the article's Creative Commons license, unless indicated otherwise in the credit line; if the material is not included under the Creative Commons license, users will need to obtain permissing from the license holder to reproduce the material. To view a copy of this license, visit  http://creativecommons.org/licenses/by-nc-sa/3.0/ uri http://creativecommons.org/licenses/by-nc-sa/3.0/"
TF,PMC4514392,2016/04/15,2015,Hum Vaccin Immunother,Taylor & Francis,NA,"This article is made available via the PMC Open Access Subset for unrestricted re-use and analyses in any form or by any means with acknowledgement of the original source. These permissions are granted for the duration of the COVID-19 pandemic or until permissions are revoked in writing. Upon expiration of these permissions, PMC is granted a perpetual license to make this article available via PMC and Europe PMC, consistent with existing copyright protections."
TF,PMC4832601,2016/07/01,2015,Expert Rev Vaccines,Informa Healthcare,NA,"This article is made available via the PMC Open Access Subset for unrestricted re-use and analyses in any form or by any means with acknowledgement of the original source. These permissions are granted for the duration of the COVID-19 pandemic or until permissions are revoked in writing. Upon expiration of these permissions, PMC is granted a perpetual license to make this article available via PMC and Europe PMC, consistent with existing copyright protections."
TF,PMC4699414,2016/01/04,2015,J Occup Environ Hyg,Taylor & Francis,NA,"This article is made available via the PMC Open Access Subset for unrestricted re-use and analyses in any form or by any means with acknowledgement of the original source. These permissions are granted for the duration of the COVID-19 pandemic or until permissions are revoked in writing. Upon expiration of these permissions, PMC is granted a perpetual license to make this article available via PMC and Europe PMC, consistent with existing copyright protections."
TF,PMC4743591,2016/02/24,2014,Expert Rev Vaccines,Informa Healthcare,NA,"This article is made available via the PMC Open Access Subset for unrestricted re-use and analyses in any form or by any means with acknowledgement of the original source. These permissions are granted for the duration of the COVID-19 pandemic or until permissions are revoked in writing. Upon expiration of these permissions, PMC is granted a perpetual license to make this article available via PMC and Europe PMC, consistent with existing copyright protections."
TF,PMC4179962,2015/07/01,2014,RNA Biol,Taylor & Francis,NA,"This article is made available via the PMC Open Access Subset for unrestricted re-use and analyses in any form or by any means with acknowledgement of the original source. These permissions are granted for the duration of the COVID-19 pandemic or until permissions are revoked in writing. Upon expiration of these permissions, PMC is granted a perpetual license to make this article available via PMC and Europe PMC, consistent with existing copyright protections."
TF,PMC4241375,2015/06/01,2014,Expert Rev Vaccines,Taylor & Francis,NA,"This article is made available via the PMC Open Access Subset for unrestricted re-use and analyses in any form or by any means with acknowledgement of the original source. These permissions are granted for the duration of the COVID-19 pandemic or until permissions are revoked in writing. Upon expiration of these permissions, PMC is granted a perpetual license to make this article available via PMC and Europe PMC, consistent with existing copyright protections."
TF,PMC3906351,2014/02/04,2013,Hum Vaccin Immunother,Taylor & Francis,NA,"This is an open-access article licensed under a Creative Commons Attribution-NonCommercial 3.0 Unported License. The article may be redistributed, reproduced, and reused for non-commercial purposes, provided the original source is properly cited."
TF,PMC3586247,2013/10/01,2014,Expert Rev Vaccines,Taylor & Francis,NA,"This article is made available via the PMC Open Access Subset for unrestricted re-use and analyses in any form or by any means with acknowledgement of the original source. These permissions are granted for the duration of the COVID-19 pandemic or until permissions are revoked in writing. Upon expiration of these permissions, PMC is granted a perpetual license to make this article available via PMC and Europe PMC, consistent with existing copyright protections."
TF,PMC3636424,2013/05/13,2019,Emerg Microbes Infect,Taylor & Francis,creativecommons.org/licenses/by-nc-nd/3.0/,"Open Access This work is licensed under the Creative Commons
Attribution-NonCommercial-No Derivative Works 3.0 Unported License. To view a copy of
this license, visit  creativecommons.org/licenses/by-nc-nd/3.0/ uri https://creativecommons.org/licenses/by-nc-nd/3.0/"
TF,PMC3230553,2012/03/01,2011,RNA Biol,Taylor & Francis,NA,"This article is made available via the PMC Open Access Subset for unrestricted re-use and analyses in any form or by any means with acknowledgement of the original source. These permissions are granted for the duration of the COVID-19 pandemic or until permissions are revoked in writing. Upon expiration of these permissions, PMC is granted a perpetual license to make this article available via PMC and Europe PMC, consistent with existing copyright protections."
TF,PMC3230552,2012/03/01,2011,RNA Biol,Taylor & Francis,NA,"This article is made available via the PMC Open Access Subset for unrestricted re-use and analyses in any form or by any means with acknowledgement of the original source. These permissions are granted for the duration of the COVID-19 pandemic or until permissions are revoked in writing. Upon expiration of these permissions, PMC is granted a perpetual license to make this article available via PMC and Europe PMC, consistent with existing copyright protections."
TF,PMC3127101,2011/07/07,2011,RNA Biol,Taylor & Francis,NA,"This is an open-access article licensed under a Creative Commons Attribution-NonCommercial 3.0 Unported License. The article may be redistributed, reproduced, and reused for non-commercial purposes, provided the original source is properly cited."
TF,PMC3417761,2012/08/13,2014,Expert Rev Vaccines,Taylor & Francis,NA,"This article is made available via the PMC Open Access Subset for unrestricted re-use and analyses in any form or by any means with acknowledgement of the original source. These permissions are granted for the duration of the COVID-19 pandemic or until permissions are revoked in writing. Upon expiration of these permissions, PMC is granted a perpetual license to make this article available via PMC and Europe PMC, consistent with existing copyright protections."
